SKU,Categoria
HJ1001,Palas
HJ1002,Palas
HJ1003,Palas
HJ1004,Palas
HJ1005,Palas
HJ1006,Palas
HJ1007,Palas
HJ1008,Palas
HJ1009,Palas
HJ1010,Palas
HJ1011,Palas
HJ1012,Palas
HJ1012,Palas
HJ1013,Palas
HJ1014,Palas
HJ1015,Palas
HJ1016,Palas
HJ1017,Palas
HJ1018,Palas
HJ1019,Palas
HJ1020,Palas
HJ1021,Palas
HJ1022,Palas
HJ1023,Palas
HJ1024,Palas
HJ1025,Palas
HJ1026,Palas
HJ1027,Palas
HJ1028,Palas
HJ1029,Palas
HJ1030,Palas
HJ1031,Palas
HJ1032,Palas
HJ1033,Palas
HJ1034,Palas
HJ1035,Palas
HJ1036,Palas
HJ1037,Palas
HJ1038,Palas
HJ1039,Palas
HJ1040,Palas
HJ1041,Palas
HJ1042,Palas
HJ1043,Palas
HJ1044,Palas
HJ1045,Palas
HJ1046,Palas
HJ1047,Palas
HJ1048,Palas
HJ1049,Palas
HJ1050,Tijeras de Podar
HJ1051,Tijeras de Podar
HJ1052,Tijeras de Podar
HJ1053,Tijeras de Podar
HJ1054,Tijeras de Podar
HJ1055,Tijeras de Podar
HJ1056,Tijeras de Podar
HJ1057,Tijeras de Podar
HJ1058,Tijeras de Podar
HJ1059,Tijeras de Podar
HJ1060,Tijeras de Podar
HJ1061,Tijeras de Podar
HJ1062,Tijeras de Podar
HJ1063,Tijeras de Podar
HJ1064,Tijeras de Podar
HJ1065,Tijeras de Podar
HJ1066,Tijeras de Podar
HJ1067,Tijeras de Podar
HJ1068,Tijeras de Podar
HJ1069,Tijeras de Podar
HJ1070,Tijeras de Podar
HJ1071,Tijeras de Podar
HJ1072,Tijeras de Podar
HJ1073,Tijeras de Podar
HJ1074,Tijeras de Podar
HJ1075,Tijeras de Podar
HJ1076,Tijeras de Podar
HJ1077,Tijeras de Podar
HJ1078,Tijeras de Podar
HJ1079,Tijeras de Podar
HJ1080,Tijeras de Podar
HJ1081,Tijeras de Podar
HJ1082,Tijeras de Podar
HJ1083,Tijeras de Podar
HJ1084,Tijeras de Podar
HJ1085,Tijeras de Podar
HJ1086,Tijeras de Podar
HJ1087,Tijeras de Podar
HJ1088,Tijeras de Podar
HJ1089,Tijeras de Podar
HJ1090,Tijeras de Podar
HJ1091,Tijeras de Podar
HJ1092,Tijeras de Podar
HJ1093,Tijeras de Podar
HJ1094,Tijeras de Podar
HJ1095,Tijeras de Podar
HJ1096,Tijeras de Podar
HJ1097,Tijeras de Podar
HJ1098,Tijeras de Podar
HJ1099,Tijeras de Podar
HJ1100,Rastrillos
HJ1101,Rastrillos
HJ1102,Rastrillos
HJ1103,Rastrillos
HJ1104,Rastrillos
HJ1105,Rastrillos
HJ1106,Rastrillos
HJ1107,Rastrillos
HJ1108,Rastrillos
HJ1109,Rastrillos
HJ1110,Rastrillos
HJ1111,Rastrillos
HJ1112,Rastrillos
HJ1113,Rastrillos
HJ1114,Rastrillos
HJ1115,Rastrillos
HJ1116,Rastrillos
HJ1117,Rastrillos
HJ1118,Rastrillos
HJ1119,Rastrillos
HJ1120,Rastrillos
HJ1121,Rastrillos
HJ1122,Rastrillos
HJ1123,Rastrillos
HJ1124,Rastrillos
HJ1125,Rastrillos
HJ1126,Rastrillos
HJ1127,Rastrillos
HJ1128,Rastrillos
HJ1129,Rastrillos
HJ1130,Rastrillos
HJ1131,Rastrillos
HJ1132,Rastrillos
HJ1133,Rastrillos
HJ1134,Rastrillos
HJ1135,Rastrillos
HJ1136,Rastrillos
HJ1137,Rastrillos
HJ1138,Rastrillos
HJ1139,Rastrillos
HJ1140,Rastrillos
HJ1141,Rastrillos
HJ1142,Rastrillos
HJ1143,Rastrillos
HJ1144,Rastrillos
HJ1145,Rastrillos
HJ1146,Rastrillos
HJ1147,Rastrillos
HJ1148,Rastrillos
HJ1149,Rastrillos
HJ1150,Pulverizadores
HJ1151,Pulverizadores
HJ1152,Pulverizadores
HJ1153,Pulverizadores
HJ1154,Pulverizadores
HJ1155,Pulverizadores
HJ1156,Pulverizadores
HJ1157,Pulverizadores
HJ1158,Pulverizadores
HJ1159,Pulverizadores
HJ1160,Pulverizadores
HJ1161,Pulverizadores
HJ1162,Pulverizadores
HJ1163,Pulverizadores
HJ1164,Pulverizadores
HJ1165,Pulverizadores
HJ1166,Pulverizadores
HJ1167,Pulverizadores
HJ1168,Pulverizadores
HJ1169,Pulverizadores
HJ1170,Pulverizadores
HJ1171,Pulverizadores
HJ1172,Pulverizadores
HJ1173,Pulverizadores
HJ1174,Pulverizadores
HJ1175,Pulverizadores
HJ1176,Pulverizadores
HJ1177,Pulverizadores
HJ1178,Pulverizadores
HJ1179,Pulverizadores
HJ1180,Pulverizadores
HJ1181,Pulverizadores
HJ1182,Pulverizadores
HJ1183,Pulverizadores
HJ1184,Pulverizadores
HJ1185,Pulverizadores
HJ1186,Pulverizadores
HJ1187,Pulverizadores
HJ1188,Pulverizadores
HJ1189,Pulverizadores
HJ1190,Pulverizadores
HJ1191,Pulverizadores
HJ1192,Pulverizadores
HJ1193,Pulverizadores
HJ1194,Pulverizadores
HJ1195,Pulverizadores
HJ1196,Pulverizadores
HJ1197,Pulverizadores
HJ1198,Pulverizadores
HJ1199,Pulverizadores
HJ1200,Pulverizadores
HJ1201,Cemillas